std,trials,samples,mse[[dB]
1.5,5,400,-14.661786687941959
1.5,5,400,-13.674146641508862
1.5,5,400,-9.367040914012666
