std,trials,samples,mse[[dB]
1.5,5,400,-14.930786056659596
1.5,5,400,-13.482135901827048
1.5,5,400,-9.405822945290414
